,category,value
0,polarity,0.0868673851921275
1,subjectivity,0.2134411121524523
