,category,value
0,polarity,0.07255795532969449
1,subjectivity,0.3659352191689144
